{"cameraMode":{"drawMode":0,"name":"Shaded","section":"Shading Mode"},"sceneLighting":true,"audioPlay":false,"sceneViewState":{"showFog":true,"showMaterialUpdate":true,"showSkybox":true,"showFlares":true,"showImageEffects":true,"showParticleSystems":true},"in2DMode":false,"pivot":{"x":0.8449824452400208,"y":2.6920313835144045,"z":8.624847412109375},"rotation":{"x":0.0422397144138813,"y":0.058722272515296939,"z":-0.0024876415263861419,"w":0.9973772168159485},"size":18.5643367767334,"orthographic":false}