{"cameraMode":{"drawMode":0,"name":"Shaded","section":"Shading Mode"},"sceneLighting":true,"audioPlay":false,"sceneViewState":{"showFog":true,"showMaterialUpdate":false,"showSkybox":true,"showFlares":true,"showImageEffects":true,"showParticleSystems":true},"in2DMode":false,"pivot":{"x":-19.850357055664064,"y":1.9614086151123047,"z":-25.51639175415039},"rotation":{"x":0.0864071324467659,"y":-0.905692458152771,"z":0.22405394911766053,"w":0.34946638345718386},"size":35.1141471862793,"orthographic":false}